ra, dec, MJD, MANGAID, Type,Radial Velocity (km/s),Guessed Spectral Type,Guessed [Fe/H],User Spectral Type,User [Fe/H]
011.33365,+032.89717,57676,3-96870897,csv,-7.001666666461371,K5,-2.0,K1,-2.0
012.66396,+039.37946,57265,4-15421,csv,4.85333333319103,G7,-1.5,G7,-1.5
012.66396,+039.37946,57271,4-15421,csv,-5.388333333175349,G9,-0.5,K2,+0.0
012.66396,+039.37946,57292,4-15421,csv,-2.834999999916889,K3,+0.5,K3,+0.5
013.70123,+039.99766,57271,4-15442,csv,-6.718333333136358,K7,+0.5,K3,+0.5
015.07288,+040.07565,57292,4-15416,csv,-3.3649999999013267,K2,-1.0,K2,-1.0
023.88387,+032.16328,57712,3-83261223,csv,-18.317499999462935,G4,-0.5,G4,-0.5
024.18822,+030.71283,57712,3-85213324,csv,-4.04999999988125,G9,-0.5,G9,-0.5
024.70812,+030.67521,57712,3-84191865,csv,-4.063333333214202,G4,-0.5,G4,-0.5
034.98807,-006.07206,57327,3-103404412,csv,-1.2899999999621834,K3,-2.0,K3,-2.0
034.98807,-006.07206,57678,3-103404412,csv,-0.19249999999435508,K5,-2.0,K5,-2.0
035.65829,-005.06366,57327,3-103101874,csv,6.624999999805752,K7,-0.5,K7,-0.5
038.30525,+027.18375,57680,3-71183191,csv,-7.742499999772987,G4,-0.5,G4,-0.5
040.45022,+027.69276,57677,3-66797485,csv,5.176666666514882,G5,+0.0,G5,+0.0
040.45022,+027.69276,57680,3-66797485,csv,-0.6316666666481474,K2,-1.0,K2,-1.0
040.45022,+027.69276,57709,3-66797485,csv,-1.713333333283097,K2,+0.5,K2,+0.5
043.78836,+036.16373,57787,3-49498978,csv,-6.542499999808185,G8,-0.5,G8,-0.5
044.80770,+034.86045,57787,3-49499953,csv,3.467499999898319,G9,-0.5,G9,-0.5
044.89212,+035.15947,57787,3-48989630,csv,2.6649999999218723,G3,+0.0,G3,+0.0
049.92579,+019.17473,57408,3-66257519,csv,0.05833333333163101,G1,+0.0,G1,+0.0
049.92579,+019.17473,57653,3-66257519,csv,1.6166666666192675,K4,+0.5,K4,+0.5
050.20143,+018.93877,57408,3-66257661,csv,-4.5499999998665865,K2,+0.5,K2,+0.5
050.20143,+018.93877,57653,3-66257661,csv,0.7316666666452126,K4,-1.0,K4,-1.0
050.29045,+019.05608,57653,3-66257649,csv,-0.7216666666455103,K4,+0.5,K4,+0.5
075.33052,+023.39737,57108,27-1629,csv,1.5549999999544057,K5,-2.0,K5,-2.0
082.40454,+001.57697,57653,3-48498220,csv,-1.679999999950743,K5,-2.0,K5,-2.0
082.51405,-000.88113,57796,3-52506337,csv,7.3074999997857395,K4,+0.5,K4,+0.5
082.80191,-000.83865,57734,3-52006150,csv,-0.05499999999838445,G7,-1.5,G7,-1.5
082.92484,-000.03236,57707,7-27049365,csv,-22.61499999933693,M1,+0.5,M1,+0.5
083.24620,+000.19931,57684,3-49527738,csv,-2.618333333256557,K3,-1.0,K3,-1.0
083.40898,-004.20878,57737,3-56500606,csv,83.83333333087533,K5,+0.5,K5,+0.5
083.40898,-004.20878,57762,3-56500606,csv,-3.36999999990119,K7,+0.5,K7,+0.5
083.40898,-004.20878,57794,3-56500606,csv,-4.508333333201151,K7,+0.5,K7,+0.5
083.99577,-002.37177,57436,3-53010147,csv,4.938333333188548,K2,+0.5,K2,+0.5
084.10913,-000.94023,57794,3-50028229,csv,81.88833333093237,A3,+0.5,A3,+0.5
084.18595,+000.62235,57708,3-47420772,csv,-3.7549999998899075,M0,+0.5,nan,nan
084.32214,-000.87899,57794,3-50028113,csv,13.38249999960762,G0,-0.5,nan,nan
084.32214,-000.87899,57795,3-50028113,csv,7.24999999978743,G0,-0.5,nan,nan
084.42730,+000.51470,57708,3-47421073,csv,-4.724999999861464,M0,+0.5,nan,nan
085.01724,-003.38405,57654,3-53011492,csv,2.603333333256999,K3,-1.0,nan,nan
086.53494,+000.67837,57433,3-43432715,csv,-13.839999999594205,K1,+0.5,nan,nan
087.55578,-000.62743,57433,3-44607382,csv,-3.5799999998950462,G3,+0.0,nan,nan
087.67171,-000.60492,57433,3-44027197,csv,-1.0266666666365707,K5,-0.5,nan,nan
093.03300,+045.39822,57350,4-908,csv,3.004999999911901,G1,-1.0,nan,nan
093.03300,+045.39822,57356,4-908,csv,9.134999999732162,G3,-1.0,nan,nan
094.24471,+045.00675,57329,4-925,csv,-6.818333333133414,G7,-1.5,nan,nan
094.24471,+045.00675,57350,4-925,csv,4.769999999860157,G7,-1.5,nan,nan
094.24471,+045.00675,57356,4-925,csv,-1.378333333292912,G9,-1.5,nan,nan
115.03156,+065.13659,57878,3-158957639,csv,-4.9449999998550185,F6,-1.5,nan,nan
115.86227,+065.10267,57707,3-158878473,csv,-6.191666666485112,F7,+0.0,nan,nan
115.86227,+065.10267,57761,3-158878473,csv,-6.202499999818151,M0,-0.5,nan,nan
115.86227,+065.10267,57825,3-158878473,csv,-62.83166666482444,A9,+0.0,nan,nan
116.39939,+065.73556,57878,3-158878194,csv,-1.2083333332979056,K3,-2.0,nan,nan
116.75072,+066.60527,57827,3-158956885,csv,-5.281666666511804,M2,+1.0,nan,nan
119.01038,+066.45701,57878,3-158635993,csv,-0.31249999999084066,K7,-0.5,nan,nan
130.48163,+012.66598,57061,4-3743,csv,-0.10999999999676764,G4,-0.5,nan,nan
130.48163,+012.66598,57063,4-3743,csv,-4.568333333199396,G4,-0.5,nan,nan
131.36081,+011.63955,57022,4-3196,csv,130.41499999617625,A3,+0.5,nan,nan
131.36081,+011.63955,57027,4-3196,csv,61.03166666487721,A3,+0.5,nan,nan
131.36081,+011.63955,57058,4-3196,csv,-81.29666666428305,A2,+0.0,nan,nan
131.36081,+011.63955,57061,4-3196,csv,3.5974999998945134,F1,-0.5,nan,nan
131.36081,+011.63955,57060,4-3196,csv,6.67833333313754,F2,+0.0,nan,nan
131.36081,+011.63955,57063,4-3196,csv,12.22333333297494,F1,-0.5,nan,nan
131.36081,+011.63955,57119,4-3196,csv,2.432499999928683,F1,-0.5,nan,nan
131.36081,+011.63955,57327,4-3196,csv,5.258333333179155,F2,+0.0,nan,nan
131.54337,+010.53545,57060,4-2994,csv,-5.358333333176227,F5,-1.0,nan,nan
131.54337,+010.53545,57063,4-2994,csv,-0.20166666666074326,F6,-0.5,nan,nan
131.54337,+010.53545,57119,4-2994,csv,6.2649999998163075,F5,-2.0,nan,nan
132.15844,+012.84727,57022,4-3050,csv,-2.534999999925671,F5,-1.0,nan,nan
132.15844,+012.84727,57027,4-3050,csv,25.166666665928787,F4,-1.5,nan,nan
132.15844,+012.84727,57058,4-3050,csv,-2.9299999999141035,G4,-0.5,nan,nan
132.15844,+012.84727,57061,4-3050,csv,-1.2016666666314413,G3,+0.0,nan,nan
132.15844,+012.84727,57060,4-3050,csv,-4.281666666541128,G4,-0.5,nan,nan
132.15844,+012.84727,57063,4-3050,csv,-13.773333332929505,G8,-0.5,nan,nan
132.15844,+012.84727,57119,4-3050,csv,-5.54999999983727,G8,-0.5,nan,nan
132.15844,+012.84727,57327,4-3050,csv,-15.694999999539819,F4,-1.5,nan,nan
132.18246,+011.65052,57060,4-4038,csv,-18.1833333328002,F6,-0.5,nan,nan
137.54807,+021.89058,57058,4-4333,csv,32.90499999903523,F3,-2.0,nan,nan
137.54807,+021.89058,57061,4-4333,csv,-76.50333333109026,F3,-2.0,nan,nan
137.55226,+022.93014,57061,4-4097,csv,-1.8116666666135506,K3,-1.0,nan,nan
138.25615,+022.60422,57027,4-4417,csv,1.4783333332899928,K4,-1.0,nan,nan
138.25615,+022.60422,57058,4-4417,csv,-3.264999999904266,K3,-1.0,nan,nan
138.25615,+022.60422,57061,4-4417,csv,-1.4233333332916007,K3,-1.0,nan,nan
138.55054,+022.81094,57819,3-139927677,csv,-9.702499999715524,G4,-1.5,nan,nan
138.55054,+022.81094,57826,3-139927677,csv,-11.129999999673672,M2,+1.0,nan,nan
138.87279,+021.94074,57378,3-139002413,csv,-10.859999999681593,G9,-1.5,nan,nan
138.87279,+021.94074,57762,3-139002413,csv,-19.987499999413973,F6,-1.5,nan,nan
139.18915,+021.46752,57061,4-4602,csv,-3.0166666665782196,G4,-0.5,nan,nan
139.23090,+022.87793,57027,4-4639,csv,1.1016666666343686,K5,-0.5,nan,nan
139.23090,+022.87793,57058,4-4639,csv,1.113333333300693,K5,+0.5,nan,nan
139.23090,+022.87793,57061,4-4639,csv,-4.558333333199684,G9,+0.0,nan,nan
139.46845,+021.74163,57738,7-5464872,csv,-3.7783333332225477,K7,+0.5,nan,nan
139.65417,+023.26911,57027,4-4438,csv,-7.129999999790947,K5,-2.0,nan,nan
139.65417,+023.26911,57058,4-4438,csv,-9.104999999733039,K5,-2.0,nan,nan
139.65417,+023.26911,57061,4-4438,csv,1.9474999999429121,K5,-2.0,nan,nan
139.88971,+022.52707,57027,4-4231,csv,43.01999999873866,F3,-2.0,nan,nan
139.88971,+022.52707,57058,4-4231,csv,44.87166666535102,F2,-1.5,nan,nan
139.88971,+022.52707,57061,4-4231,csv,-79.90166666432395,F6,-1.5,nan,nan
140.26901,+047.99367,57828,3-150067470,csv,-6.038333333156281,K1,+0.5,nan,nan
140.26901,+047.99367,57852,3-150067470,csv,-2.189999999935784,K1,+0.5,nan,nan
140.26901,+047.99367,57822,3-150067470,csv,-1.6683333332844164,G5,+0.0,nan,nan
140.26901,+047.99367,57825,3-150067470,csv,-6.853333333132393,G3,+0.0,nan,nan
140.26901,+047.99367,57849,3-150067470,csv,-0.4266666666541532,G6,+0.0,nan,nan
140.50784,+027.53355,57358,4-2582,csv,-3.251666666571323,K4,-1.0,nan,nan
140.50784,+027.53355,57414,4-2582,csv,-1.8883333332779622,K3,-1.0,nan,nan
140.89155,+028.59906,57360,4-2087,csv,3.263333333237661,G1,-2.0,nan,nan
140.89155,+028.59906,57471,4-2087,csv,-4.131666666545531,G7,-1.5,nan,nan
140.89155,+028.59906,57474,4-2087,csv,-1.2566666666298243,K3,-1.0,nan,nan
141.15619,+028.06941,57360,4-2949,csv,-13.149999999614447,F7,+0.0,nan,nan
141.15619,+028.06941,57471,4-2949,csv,-55.10999999838418,A0,+0.0,nan,nan
141.15619,+028.06941,57474,4-2949,csv,-37.94166666555421,A0,+0.0,nan,nan
141.35021,+027.99982,57360,4-2945,csv,-32.633333332376516,A7,+0.0,nan,nan
141.35021,+027.99982,57471,4-2945,csv,-2.6749999999215586,F7,+0.0,nan,nan
141.35021,+027.99982,57474,4-2945,csv,-10.304999999697866,F7,+0.0,nan,nan
141.42497,+028.44811,57360,4-2957,csv,49.688333331876485,F4,-1.5,nan,nan
141.42497,+028.44811,57471,4-2957,csv,1.497499999956089,F4,-1.5,nan,nan
141.42497,+028.44811,57474,4-2957,csv,5.247499999846145,F5,-2.0,nan,nan
141.75107,+028.13670,57358,4-2676,csv,6.498333333142804,F1,-1.5,nan,nan
141.75107,+028.13670,57361,4-2676,csv,-1.7216666666161906,F1,-1.5,nan,nan
141.75107,+028.13670,57409,4-2676,csv,-0.23666666665972472,F1,-1.5,nan,nan
141.75107,+028.13670,57414,4-2676,csv,4.161666666544647,F4,-1.5,nan,nan
141.78483,+055.58795,57712,3-152400105,csv,3.3833333332341464,M0,+0.5,nan,nan
141.78483,+055.58795,57795,3-152400105,csv,-11.282499999669186,K3,-1.0,nan,nan
141.94213,+048.16986,57829,3-149567545,csv,0.2424999999928932,K5,-2.0,nan,nan
141.94213,+048.16986,57856,3-149567545,csv,-1.4066666666254222,K5,-2.0,nan,nan
141.97915,+029.07356,57474,4-2954,csv,16.218333332857796,A7,+0.0,nan,nan
142.33873,+026.50468,57358,4-2558,csv,-2.706666666587303,K3,-1.0,nan,nan
142.33873,+026.50468,57361,4-2558,csv,-27.01666666587454,K7,+0.5,nan,nan
142.33873,+026.50468,57409,4-2558,csv,-27.618333332523548,K7,+0.5,nan,nan
142.33873,+026.50468,57414,4-2558,csv,4.921666666522362,K2,+0.5,nan,nan
142.45946,+028.51484,57358,4-2373,csv,-4.5099999998677776,K5,-0.5,nan,nan
142.45946,+028.51484,57361,4-2373,csv,-0.10833333333016852,K3,-1.0,nan,nan
142.45946,+028.51484,57409,4-2373,csv,0.40666666665473744,K2,+0.5,nan,nan
142.45946,+028.51484,57414,4-2373,csv,0.5583333333169582,K2,+0.5,nan,nan
142.58623,+048.87419,57820,3-149693286,csv,-12.489999999633785,G4,-1.5,nan,nan
142.58623,+048.87419,57829,3-149693286,csv,0.9266666666395023,G5,-1.5,nan,nan
142.58623,+048.87419,57856,3-149693286,csv,-0.6083333333155018,K4,-2.0,nan,nan
142.58623,+048.87419,57826,3-149693286,csv,-3.2599999999044127,K4,+0.5,nan,nan
142.58623,+048.87419,57851,3-149693286,csv,0.19999999999413257,K5,-2.0,nan,nan
142.91873,+026.80858,57360,4-2980,csv,-13.209999999612686,F5,-2.0,nan,nan
142.91873,+026.80858,57471,4-2980,csv,8.933333333071403,F5,-2.0,nan,nan
142.91873,+026.80858,57474,4-2980,csv,-5.756666666497883,G4,-0.5,nan,nan
143.03156,+055.36053,57821,3-152042065,csv,-8.116666666428687,G8,+0.0,nan,nan
143.03156,+055.36053,57825,3-152042065,csv,-9.327499999726525,G9,-0.5,nan,nan
143.03156,+055.36053,57829,3-152042065,csv,-5.039999999852223,G6,-0.5,nan,nan
143.03156,+055.36053,57849,3-152042065,csv,0.19833333332752337,G6,-0.5,nan,nan
143.03409,+026.79849,57360,4-2071,csv,0.28499999999165626,G0,-0.5,nan,nan
143.03409,+026.79849,57471,4-2071,csv,6.629999999805607,F0,+0.5,nan,nan
143.03409,+026.79849,57474,4-2071,csv,18.59499999945478,A6,-0.5,nan,nan
143.07443,+027.48638,57358,4-2838,csv,-10.652499999687675,F2,-1.5,nan,nan
143.07443,+027.48638,57409,4-2838,csv,-12.689999999627927,F3,-1.0,nan,nan
143.07443,+027.48638,57414,4-2838,csv,-8.104999999762367,F2,-1.5,nan,nan
143.30818,+047.95399,57829,3-149060540,csv,-7.979999999766011,M0,-0.5,nan,nan
143.30818,+047.95399,57856,3-149060540,csv,1.0016666666372898,K7,+0.5,nan,nan
143.30818,+047.95399,57850,3-149060540,csv,-0.284999999991647,K5,-0.5,nan,nan
143.30818,+047.95399,57851,3-149060540,csv,-35.06833333230515,B6,+0.0,nan,nan
150.37730,+026.13869,57820,3-133386608,csv,-1.3674999999599136,G0,-0.5,nan,nan
150.37730,+026.13869,57824,3-133386608,csv,5.3783333331756396,G0,-0.5,nan,nan
150.70390,+026.89851,57796,3-134070255,csv,2.182499999936025,G3,-1.0,nan,nan
150.70390,+026.89851,57819,3-134070255,csv,6.294999999815431,F7,-2.0,nan,nan
150.70390,+026.89851,57825,3-134070255,csv,15.844999999535425,G0,-0.5,nan,nan
151.45118,+025.29527,57793,3-131723461,csv,-2.1383333332706345,K2,+0.5,nan,nan
151.45118,+025.29527,57796,3-131723461,csv,-2.999999999912047,K1,+0.5,nan,nan
151.45118,+025.29527,57819,3-131723461,csv,-6.438333333144548,G3,+0.0,nan,nan
151.45118,+025.29527,57825,3-131723461,csv,2.9874999999124063,G0,-0.5,nan,nan
151.60343,+025.19560,57820,3-131370354,csv,-0.1949999999942885,K2,+0.5,nan,nan
151.60343,+025.19560,57824,3-131370354,csv,-1.0966666666345197,K3,+0.5,nan,nan
151.78146,+026.77083,57820,3-132716437,csv,-12.204999999642137,M3,+0.5,nan,nan
151.78146,+026.77083,57824,3-132716437,csv,-12.761666666292491,M3,+0.5,nan,nan
151.93755,+027.14659,57793,3-133050826,csv,2.1899999999357944,G6,+0.0,nan,nan
151.93755,+027.14659,57819,3-133050826,csv,4.224999999876119,G6,+0.0,nan,nan
151.93755,+027.14659,57825,3-133050826,csv,6.573333333140596,G6,+0.0,nan,nan
152.41322,+026.88314,57794,3-132383074,csv,3.3374999999021484,F7,+0.0,nan,nan
152.41322,+026.88314,57820,3-132383074,csv,8.384999999754152,G3,+0.0,nan,nan
152.41322,+026.88314,57824,3-132383074,csv,-5.014999999852964,G4,-0.5,nan,nan
152.61422,+025.81197,57821,3-131020145,csv,-12.497499999633565,G7,-1.5,nan,nan
152.61422,+025.81197,57826,3-131020145,csv,3.236666666571774,G7,-1.5,nan,nan
153.03094,+026.72074,57820,3-131723126,csv,-13.929999999591587,G4,-0.5,nan,nan
153.05813,+026.73792,57793,3-131723125,csv,-0.48499999998578014,K4,+0.5,nan,nan
153.05813,+026.73792,57796,3-131723125,csv,4.7216666665282245,K3,-1.0,nan,nan
153.05813,+026.73792,57819,3-131723125,csv,2.002499999941282,K3,-1.0,nan,nan
153.08356,+025.45695,57821,3-130323870,csv,10.182499999701456,G0,-0.5,nan,nan
153.08356,+025.45695,57826,3-130323870,csv,-5.602499999835725,F6,-0.5,nan,nan
155.14280,+014.82523,57056,4-13325,csv,-3.776666666555928,G5,+0.0,nan,nan
155.14280,+014.82523,57060,4-13325,csv,-10.183333333034758,G8,+0.0,nan,nan
155.14280,+014.82523,57063,4-13325,csv,-7.564999999778191,G8,+0.0,nan,nan
155.14280,+014.82523,57064,4-13325,csv,-8.843333333074051,G3,+0.0,nan,nan
155.14280,+014.82523,57079,4-13325,csv,-16.3666666661868,F2,-0.5,nan,nan
155.93644,+015.94268,57056,4-13177,csv,-0.7616666666443429,G5,-1.5,nan,nan
155.93644,+015.94268,57060,4-13177,csv,-2.66666666658848,G4,-1.5,nan,nan
155.93644,+015.94268,57063,4-13177,csv,-4.267499999874884,G4,-1.5,nan,nan
155.93644,+015.94268,57064,4-13177,csv,2.9116666665812994,G4,-1.5,nan,nan
155.93644,+015.94268,57079,4-13177,csv,32.241666665721326,F3,-2.0,nan,nan
158.95983,+025.18790,57852,3-125353259,csv,-6.166666666485863,G3,+0.0,nan,nan
159.21672,+025.58140,57473,3-125612648,csv,6.656666666471487,G5,+0.0,nan,nan
159.21672,+025.58140,57852,3-125612648,csv,7.7799999997718885,G6,+0.0,nan,nan
160.31782,+025.08364,57391,3-124285105,csv,-5.548333333170656,K1,+0.5,nan,nan
160.31782,+025.08364,57416,3-124285105,csv,2.5966666665905316,G5,+0.0,nan,nan
161.07523,+039.12540,57850,3-135335695,csv,-2.093333333271962,G1,+0.0,nan,nan
161.23820,+038.77745,57762,3-135037860,csv,-4.013333333215669,G1,+0.0,nan,nan
161.23820,+038.77745,57823,3-135037860,csv,4.5074999998678384,G0,-0.5,nan,nan
161.98968,-002.75814,57435,3-110441670,csv,-7.2133333331218354,K3,-2.0,nan,nan
161.98968,-002.75814,57440,3-110441670,csv,11.554999999661216,K3,-2.0,nan,nan
161.98968,-002.75814,57467,3-110441670,csv,-3.76499999988961,M1,-0.5,nan,nan
161.98968,-002.75814,57471,3-110441670,csv,-12.683333332961455,M0,-0.5,nan,nan
163.51919,-003.53677,57828,7-7638537,csv,18.11833333280211,C3,+0.0,nan,nan
163.58408,+048.95203,57876,3-142445755,csv,1.9183333332770778,K4,-2.0,nan,nan
163.58408,+048.95203,57878,3-142445755,csv,0.5749999999831498,K4,+0.5,nan,nan
163.58408,+048.95203,57887,3-142445755,csv,-5.3799999998422665,K1,+0.5,nan,nan
163.80818,+048.96309,57876,3-142262411,csv,7.873333333102491,K4,+0.5,nan,nan
163.80818,+048.96309,57883,3-142262411,csv,80.67333333096799,M0,+0.5,nan,nan
163.86465,-002.76131,57735,7-7557614,csv,-8.98833333306979,M0,-0.5,nan,nan
163.86465,-002.76131,57828,7-7557614,csv,-19.21833333276986,K3,-1.0,nan,nan
163.97675,-003.07670,57735,3-110099835,csv,3.0449999999107225,K2,+0.5,nan,nan
163.97675,-003.07670,57794,3-110099835,csv,2.593333333257297,K2,+0.5,nan,nan
163.97675,-003.07670,57828,3-110099835,csv,13.579999999601837,G8,+0.0,nan,nan
164.12292,-002.58138,57434,3-110152864,csv,189.1833333277865,WD1,+0.0,nan,nan
164.12292,-002.58138,57444,3-110152864,csv,83.82499999754225,WD1,+0.0,nan,nan
164.12292,-002.58138,57462,3-110152864,csv,-12.579999999631157,G3,-1.0,nan,nan
164.24448,-003.15266,57435,3-110047400,csv,-8.144999999761183,F7,+0.0,nan,nan
164.24448,-003.15266,57440,3-110047400,csv,-3.2849999999036847,F7,+0.0,nan,nan
164.24448,-003.15266,57445,3-110047400,csv,-10.396666666361842,G2,-1.5,nan,nan
164.24448,-003.15266,57467,3-110047400,csv,-21.517499999369107,G4,-0.5,nan,nan
164.24448,-003.15266,57471,3-110047400,csv,7.38499999978347,G5,-0.5,nan,nan
164.26211,+049.40577,57876,3-142445684,csv,2.2149999999350514,K4,-2.0,nan,nan
164.27935,-002.57884,57445,3-110152845,csv,-22.049999999353496,F3,+0.0,nan,nan
164.27935,-002.57884,57471,3-110152845,csv,1.624999999952358,G4,-0.5,nan,nan
164.48783,+048.23071,57878,3-141269006,csv,48.05666666525764,F3,+0.0,nan,nan
164.75900,+010.46694,57795,3-113585414,csv,-12.246666666307602,F7,+0.0,nan,nan
164.75900,+010.46694,57830,3-113585414,csv,4.659999999863371,G5,+0.0,nan,nan
164.75900,+010.46694,57821,3-113585414,csv,-12.766666666292338,K7,+0.5,nan,nan
164.90328,+048.62494,57876,3-141476998,csv,-10.286666666365063,G8,+0.0,nan,nan
164.90328,+048.62494,57887,3-141476998,csv,-1.7266666666160477,K3,-1.0,nan,nan
165.11821,+048.83422,57876,3-141476990,csv,-8.274999999757378,K3,-1.0,nan,nan
165.11821,+048.83422,57883,3-141476990,csv,-1.1183333333005505,K2,+0.5,nan,nan
176.62262,+001.35084,57058,4-19883,csv,-7.669999999775114,G8,-0.5,nan,nan
176.62262,+001.35084,57119,4-19883,csv,3.9249999998849243,G5,-0.5,nan,nan
176.62262,+001.35084,57168,4-19883,csv,20.347499999403418,G5,+0.0,nan,nan
176.62262,+001.35084,57171,4-19883,csv,-4.61999999986454,G3,+0.0,nan,nan
176.62262,+001.35084,57417,4-19883,csv,9.04999999973465,G0,-0.5,nan,nan
176.86919,+002.26249,57171,4-19357,csv,-28.571666665828946,M2,+1.0,nan,nan
176.89329,+002.21932,57057,27-1864,csv,-8.43999999975254,G9,-1.5,nan,nan
176.89329,+002.21932,57358,27-1864,csv,-12.97999999961942,F9,+0.0,nan,nan
176.89329,+002.21932,57390,27-1864,csv,11.497499999662885,G0,-0.5,nan,nan
176.89329,+002.21932,57002,27-1864,csv,-4.548333333199973,G3,+0.0,nan,nan
176.89329,+002.21932,57117,27-1864,csv,2.8649999999159927,G6,-1.5,nan,nan
176.98634,+000.49227,57058,4-19845,csv,-6.439999999811192,F6,-0.5,nan,nan
176.98634,+000.49227,57171,4-19845,csv,12.236666666307881,F7,+0.0,nan,nan
176.98634,+000.49227,57417,4-19845,csv,-1.3833333332927864,G4,-0.5,nan,nan
177.14002,+001.48314,57358,27-1853,csv,-13.001666666285452,K7,-0.5,nan,nan
177.14002,+001.48314,57390,27-1853,csv,3.0183333332448328,K3,-2.0,nan,nan
177.14002,+001.48314,57002,27-1853,csv,2.6549999999221594,K5,-0.5,nan,nan
177.24667,+000.02948,57448,3-108837212,csv,-31.29999999908229,F1,-1.5,nan,nan
177.24667,+000.02948,57471,3-108837212,csv,23.043333332657696,A6,+0.0,nan,nan
177.36723,+002.12001,57119,4-19555,csv,-1.967499999942313,M0,-0.5,nan,nan
177.53376,+001.36840,57445,3-108989573,csv,-7.927499999767565,A6,+0.0,nan,nan
177.53376,+001.36840,57448,3-108989573,csv,-10.733333333018628,F7,+0.0,nan,nan
177.53376,+001.36840,57471,3-108989573,csv,-1.4083333332920318,F7,+0.0,nan,nan
177.75530,+002.13837,57119,4-20180,csv,-11.767499999654984,F4,-0.5,nan,nan
177.75530,+002.13837,57171,4-20180,csv,-1.9299999999434232,F4,-0.5,nan,nan
178.12389,+000.25074,57390,27-1869,csv,7.783333333105124,K4,+0.5,nan,nan
178.12389,+000.25074,57002,27-1869,csv,3.093333333242637,K4,-1.0,nan,nan
178.16928,+035.14145,57469,3-119107817,csv,-4.788333333192942,K1,+0.5,nan,nan
178.16928,+035.14145,57492,3-119107817,csv,-2.9233333332476263,K2,+0.5,nan,nan
178.17214,+000.68179,57171,4-19382,csv,-22.836666665997097,M2,+1.0,nan,nan
178.17214,+000.68179,57417,4-19382,csv,41.111666665461264,A2,+0.0,nan,nan
178.18793,+001.09910,57168,4-19390,csv,3.004999999911901,A2,+0.0,nan,nan
178.18793,+001.09910,57171,4-19390,csv,133.13333332942986,A2,+0.0,nan,nan
179.08373,+034.70895,57416,3-118387003,csv,-6.151666666486311,F4,-0.5,nan,nan
179.08373,+034.70895,57468,3-118387003,csv,2.2199999999349136,F3,+0.0,nan,nan
179.08373,+034.70895,57474,3-118387003,csv,4.384999999871418,F2,-0.5,nan,nan
179.21537,+018.78220,57502,3-112133641,csv,-4.631666666530859,G1,+0.0,nan,nan
179.21537,+018.78220,57532,3-112133641,csv,-0.7716666666440348,K3,+0.5,nan,nan
179.21537,+018.78220,57800,3-112133641,csv,-2.008333333274455,K2,+0.5,nan,nan
179.21537,+018.78220,57829,3-112133641,csv,-1.5316666666217607,K3,+0.5,nan,nan
179.21537,+018.78220,57832,3-112133641,csv,5.547499999837351,G0,-0.5,nan,nan
190.06233,-003.34735,57473,3-109232372,csv,-2.029999999940478,F4,-1.5,nan,nan
190.06233,-003.34735,57447,3-109232372,csv,-5.991666666490988,F6,-1.5,nan,nan
190.06233,-003.34735,57450,3-109232372,csv,-62.06166666484703,F4,-1.5,nan,nan
190.99932,-003.46924,57473,3-109319870,csv,-9.724999999714871,G4,-0.5,nan,nan
190.99932,-003.46924,57447,3-109319870,csv,-14.661666666236792,G5,-0.5,nan,nan
190.99932,-003.46924,57450,3-109319870,csv,-2.4533333332613965,G3,+0.0,nan,nan
191.10181,+012.82911,57059,4-20296,csv,10.441666666360527,K5,-2.0,nan,nan
191.10181,+012.82911,57062,4-20296,csv,3.8274999998877695,F4,-0.5,nan,nan
191.10181,+012.82911,57121,4-20296,csv,-2.29499999993271,F4,-0.5,nan,nan
191.10181,+012.82911,57064,4-20296,csv,-8.9049999997389,F7,+0.0,nan,nan
191.10181,+012.82911,57122,4-20296,csv,-7.6133333331101065,F6,-0.5,nan,nan
191.10181,+012.82911,57142,4-20296,csv,-0.3049999999910555,F4,-0.5,nan,nan
192.17003,-002.49910,57473,3-109638459,csv,-7.059999999792995,F9,+0.0,nan,nan
192.17003,-002.49910,57447,3-109638459,csv,-2.9833333332458554,F7,-1.0,nan,nan
192.17003,-002.49910,57450,3-109638459,csv,7.097499999791907,F9,+0.0,nan,nan
192.20830,-001.86805,57438,3-109734397,csv,-10.717499999685757,G5,-1.5,nan,nan
192.20830,-001.86805,57446,3-109734397,csv,0.8833333333074339,G6,-1.5,nan,nan
192.20830,-001.86805,57469,3-109734397,csv,-2.373333333263757,K3,-1.0,nan,nan
192.24812,+042.61968,57027,4-822,csv,-15.2999999995514,G4,-0.5,nan,nan
192.24812,+042.61968,57056,4-822,csv,-17.969999999473117,G4,-0.5,nan,nan
192.24812,+042.61968,57059,4-822,csv,-10.789999999683637,G5,-0.5,nan,nan
192.24812,+042.61968,57062,4-822,csv,-7.3299999997850875,G4,-0.5,nan,nan
192.24812,+042.61968,57066,4-822,csv,-7.311666666452292,G1,-1.0,nan,nan
192.30234,+012.67209,57062,4-20592,csv,0.5749999999831538,K3,-1.0,nan,nan
192.30234,+012.67209,57121,4-20592,csv,-2.6324999999228154,K3,+0.5,nan,nan
192.30234,+012.67209,57060,4-20592,csv,-21.018333332717077,F2,-0.5,nan,nan
192.30234,+012.67209,57064,4-20592,csv,-25.696666665913256,F2,-0.5,nan,nan
192.30234,+012.67209,57122,4-20592,csv,66.09249999806218,A6,+0.0,nan,nan
192.30234,+012.67209,57142,4-20592,csv,-55.76166666503175,A6,+0.0,nan,nan
192.31931,+011.02383,57114,4-20815,csv,-3.87249999988646,K3,-1.0,nan,nan
192.31931,+011.02383,57121,4-20815,csv,-3.4949999998975283,K3,-1.0,nan,nan
192.45779,+042.63955,57061,4-17206,csv,-10.572499999690013,M4,+0.5,nan,nan
192.45779,+042.63955,57063,4-17206,csv,-3.2674999999042003,M4,+0.5,nan,nan
192.63258,-002.64402,57473,3-109685798,csv,-4.633333333197478,F7,-2.0,nan,nan
192.63258,-002.64402,57450,3-109685798,csv,10.584999999689641,G0,-1.5,nan,nan
192.80194,+042.82838,57410,3-133381148,csv,-1.3274999999610755,F7,-1.0,nan,nan
192.80194,+042.82838,57417,3-133381148,csv,-4.094999999879944,G1,+0.0,nan,nan
192.93544,+012.83220,57496,3-113696410,csv,-7.05999999979301,G3,+0.0,nan,nan
192.96505,+013.03921,57059,4-20494,csv,6.162499999819316,F2,-0.5,nan,nan
192.96505,+013.03921,57114,4-20494,csv,-60.613333331556156,F4,-0.5,nan,nan
192.96505,+013.03921,57121,4-20494,csv,-10.044999999705478,F2,+0.0,nan,nan
192.96505,+013.03921,57060,4-20494,csv,-3.2049999999060326,F4,-0.5,nan,nan
192.96505,+013.03921,57064,4-20494,csv,-2.589999999924057,F2,-0.5,nan,nan
192.96505,+013.03921,57122,4-20494,csv,-0.6833333333132998,F7,+0.0,nan,nan
192.96505,+013.03921,57142,4-20494,csv,-0.39749999998833496,F7,+0.0,nan,nan
193.18316,+042.41742,57059,4-842,csv,80.39666666430942,A3,+0.5,nan,nan
193.18316,+042.41742,57062,4-842,csv,60.7199999982197,A2,+0.0,nan,nan
193.18316,+042.41742,57066,4-842,csv,25.164999999262175,A2,+0.0,nan,nan
193.27829,+041.62929,57059,4-830,csv,6.521666666475461,F5,-2.0,nan,nan
193.41752,+043.03006,57027,4-838,csv,-4.092499999880005,F4,-1.5,nan,nan
193.41752,+043.03006,57056,4-838,csv,-6.824999999799882,G8,-1.5,nan,nan
193.41752,+043.03006,57059,4-838,csv,-3.108333333242195,G9,-1.5,nan,nan
193.41752,+043.03006,57066,4-838,csv,0.9916666666375953,G4,-0.5,nan,nan
193.65316,+041.87008,57409,3-133045559,csv,2.3349999999315396,G3,+0.0,nan,nan
193.65316,+041.87008,57410,3-133045559,csv,-7.751666666439394,G4,-0.5,nan,nan
193.65316,+041.87008,57414,3-133045559,csv,-5.928333333159519,G3,+0.0,nan,nan
193.65316,+041.87008,57417,3-133045559,csv,-7.3849999997834805,G5,+0.0,nan,nan
193.65316,+041.87008,57443,3-133045559,csv,0.7549999999778668,G5,-0.5,nan,nan
193.65316,+041.87008,57465,3-133045559,csv,-7.233333333121256,G5,+0.0,nan,nan
195.56092,+042.44323,57061,4-17485,csv,-15.429999999547586,M2,+1.0,nan,nan
195.56092,+042.44323,57063,4-17485,csv,-11.504999999662678,M2,+1.0,nan,nan
195.56092,+042.44323,57064,4-17485,csv,-13.298333332943423,M2,+1.0,nan,nan
195.56380,+042.64712,57059,4-832,csv,-28.46666666583202,F6,-1.5,nan,nan
195.62331,+042.37850,57059,4-827,csv,37.127499998911425,A0,+0.0,nan,nan
195.79623,+041.91756,57066,4-826,csv,-125.75833332964612,A2,+0.0,nan,nan
204.84359,-000.28186,57793,3-112591633,csv,-13.487499999604555,G5,-0.5,nan,nan
205.67483,+000.59752,57057,4-21721,csv,-3.001666666578654,M0,+0.5,nan,nan
205.67483,+000.59752,57096,4-21721,csv,-0.1666666666617774,G4,-0.5,nan,nan
205.67483,+000.59752,57114,4-21721,csv,-6.72249999980291,G6,-0.5,nan,nan
205.67483,+000.59752,57123,4-21721,csv,-0.94999999997215,K4,-1.0,nan,nan
205.67483,+000.59752,57142,4-21721,csv,-8.769999999742861,K3,-1.0,nan,nan
205.68177,+001.06280,57057,4-20908,csv,-1.372499999959771,M0,-0.5,nan,nan
205.68177,+001.06280,57113,4-20908,csv,-6.501666666476047,F5,-1.0,nan,nan
205.68177,+001.06280,57093,4-20908,csv,-31.131666665753894,F2,+0.0,nan,nan
205.68177,+001.06280,57123,4-20908,csv,0.5016666666519605,F4,-1.5,nan,nan
205.68177,+001.06280,57137,4-20908,csv,1.3083333332949791,G0,-0.5,nan,nan
206.29537,-000.49258,57793,3-113005845,csv,10.63249999968826,F7,+0.0,nan,nan
206.48379,+001.07330,57057,4-21387,csv,0.9449999999722936,M0,-0.5,nan,nan
206.48379,+001.07330,57060,4-21387,csv,-1.0199999999700908,K7,+0.5,nan,nan
206.48379,+001.07330,57096,4-21387,csv,-2.223333333268132,K5,+0.5,nan,nan
206.48379,+001.07330,57110,4-21387,csv,-11.899999999651094,F7,-1.0,nan,nan
206.48379,+001.07330,57113,4-21387,csv,-6.711666666469882,F7,-1.0,nan,nan
206.48379,+001.07330,57093,4-21387,csv,-7.508333333113188,M0,+0.5,nan,nan
206.48379,+001.07330,57114,4-21387,csv,-2.9499999999135125,M0,+0.5,nan,nan
206.48379,+001.07330,57123,4-21387,csv,-6.69999999980357,M0,+0.5,nan,nan
206.48379,+001.07330,57137,4-21387,csv,-4.791666666526167,K3,-1.0,nan,nan
206.48379,+001.07330,57142,4-21387,csv,-2.10833333327151,K3,-1.0,nan,nan
206.86048,+000.51307,57110,4-21733,csv,0.46999999998621284,K4,+0.5,nan,nan
206.86048,+000.51307,57113,4-21733,csv,-5.521666666504761,K3,-1.0,nan,nan
206.86048,+000.51307,57137,4-21733,csv,-4.044999999881405,K3,+0.5,nan,nan
206.86048,+000.51307,57142,4-21733,csv,-1.7274999999493605,K3,+0.5,nan,nan
206.99694,-000.51577,57793,3-113230897,csv,-7.1499999997903645,G3,+0.0,nan,nan
206.99694,-000.51577,57801,3-113230897,csv,-20.549999999397475,G3,+0.0,nan,nan
207.18768,+000.01225,57113,4-21697,csv,-6.4449999998110235,G8,-0.5,nan,nan
207.18768,+000.01225,57093,4-21697,csv,-1.3766666666262986,K3,-1.0,nan,nan
207.18768,+000.01225,57114,4-21697,csv,-12.164999999643328,G4,-0.5,nan,nan
207.18768,+000.01225,57123,4-21697,csv,-2.7449999999195156,K5,-0.5,nan,nan
207.18768,+000.01225,57142,4-21697,csv,0.3016666666578146,K5,-0.5,nan,nan
208.30132,+031.77478,57495,3-137269326,csv,-1.7024999999500972,M2,-1.0,nan,nan
208.32975,+032.32128,57876,3-137764272,csv,-1.507499999955803,G7,-1.5,nan,nan
208.32975,+032.32128,57879,3-137764272,csv,0.45499999998665935,K4,+0.5,nan,nan
208.91648,+033.64508,57876,3-138992033,csv,3.8899999998859407,F4,-0.5,nan,nan
208.91648,+033.64508,57879,3-138992033,csv,4.986666666520449,G9,-0.5,nan,nan
208.91648,+033.64508,57883,3-138992033,csv,-3.0716666665766055,G9,-0.5,nan,nan
208.91719,+031.75365,57909,3-137764137,csv,-4.039999999881552,K1,-1.0,nan,nan
208.91719,+031.75365,57860,3-137764137,csv,0.9899999999709714,F7,+0.0,nan,nan
210.35711,+032.83716,57909,3-139461894,csv,-2.0633333332728383,G9,-0.5,nan,nan
210.35711,+032.83716,57860,3-139461894,csv,7.636666666442761,K2,+0.5,nan,nan
210.35711,+032.83716,57878,3-139461894,csv,-0.7483333333114053,G9,-0.5,nan,nan
218.08505,+058.04441,57466,3-153201626,csv,-11.353333333000451,M0,-0.5,nan,nan
218.08505,+058.04441,57476,3-153201626,csv,-6.43999999981118,M0,-0.5,nan,nan
218.08505,+058.04441,57498,3-153201626,csv,-11.131666666340285,M0,-0.5,nan,nan
218.08505,+058.04441,57502,3-153201626,csv,-6.96249999979587,M2,+1.0,nan,nan
218.08505,+058.04441,57505,3-153201626,csv,-15.506666666212007,M3,+0.5,nan,nan
223.16000,-008.29039,57823,3-115827100,csv,-12.034999999647136,G3,+0.0,nan,nan
225.88593,+066.57616,57056,4-16257,csv,4.649999999863662,K7,+0.5,nan,nan
225.88593,+066.57616,57064,4-16257,csv,11.911666666317407,G7,-1.5,nan,nan
225.88593,+066.57616,57861,4-16257,csv,1.1999999999648088,K3,-1.0,nan,nan
226.54240,+035.73449,57833,3-148270084,csv,-4.251666666542014,K5,-2.0,nan,nan
226.54240,+035.73449,57851,3-148270084,csv,-1.4849999999564645,K5,-2.0,nan,nan
226.54240,+035.73449,57857,3-148270084,csv,-0.5849999999828505,K4,-1.0,nan,nan
226.54240,+035.73449,57860,3-148270084,csv,-0.3549999999896081,M0,+0.5,nan,nan
226.54240,+035.73449,57863,3-148270084,csv,-2.7849999999183486,K2,+0.5,nan,nan
226.76735,+035.81285,57833,3-148400110,csv,-0.4149999999878387,K3,+0.5,nan,nan
226.76735,+035.81285,57851,3-148400110,csv,-0.2949999999913548,F7,+0.0,nan,nan
226.76735,+035.81285,57860,3-148400110,csv,-4.941666666521776,G9,-0.5,nan,nan
226.76735,+035.81285,57863,3-148400110,csv,4.619999999864534,G6,-1.5,nan,nan
226.79519,+035.86487,57833,3-148400091,csv,0.8699999999744965,G6,+0.0,nan,nan
226.79519,+035.86487,57860,3-148400091,csv,-3.206666666572645,K7,-0.5,nan,nan
226.81675,+067.38997,57109,4-16847,csv,-9.486666666388514,M2,+1.0,nan,nan
227.12491,+036.19676,57833,3-148660775,csv,5.5833333331696275,K5,-0.5,nan,nan
227.12491,+036.19676,57851,3-148660775,csv,-17.318333332825564,K4,-1.0,nan,nan
227.12491,+036.19676,57857,3-148660775,csv,-7.763333333105725,G4,-0.5,nan,nan
227.12491,+036.19676,57863,3-148660775,csv,0.6799999999800588,G3,+0.0,nan,nan
227.98365,+037.44023,57851,7-11837633,csv,-8.184999999760015,M2,+0.0,nan,nan
227.98365,+037.44023,57854,7-11837633,csv,2.6066666665902347,K4,+0.5,nan,nan
227.98365,+037.44023,57860,7-11837633,csv,-3.1299999999082306,G9,-0.5,nan,nan
227.98365,+037.44023,57863,7-11837633,csv,-2.583333333257588,G9,-0.5,nan,nan
230.29886,+066.22872,57861,4-16374,csv,3.5516666665625287,K4,+0.5,nan,nan
230.29886,+066.22872,57109,4-16374,csv,9.51499999972102,K4,+0.5,nan,nan
240.69724,+005.90111,57560,3-139907317,csv,-7.736666666439823,M0,+0.5,nan,nan
240.69724,+005.90111,57858,3-139907317,csv,-11.509999999662531,M2,+1.0,nan,nan
240.69724,+005.90111,57890,3-139907317,csv,-7.594999999777308,M2,+0.0,nan,nan
240.69724,+005.90111,57918,3-139907317,csv,143.4533333291273,M0,+0.5,nan,nan
241.62293,+006.78785,57856,3-141039694,csv,-7.816666666437484,M4,+0.5,nan,nan
241.62293,+006.78785,57859,3-141039694,csv,-2.8799999999155523,M1,+0.5,nan,nan
241.62293,+006.78785,57891,3-141039694,csv,-1.9999999999413598,M1,+0.5,nan,nan
241.62293,+006.78785,57884,3-141039694,csv,78.18999999770746,F2,-0.5,nan,nan
241.62293,+006.78785,57888,3-141039694,csv,-54.91999999838975,F1,-0.5,nan,nan
242.86895,+050.60103,57475,3-156746538,csv,-4.114999999879348,M1,+0.5,nan,nan
242.86895,+050.60103,57480,3-156746538,csv,-8.06499999976353,M1,+0.5,nan,nan
242.86895,+050.60103,57500,3-156746538,csv,-6.063333333155559,M1,+0.5,nan,nan
242.86895,+050.60103,57503,3-156746538,csv,-11.619999999659301,M2,+0.0,nan,nan
242.86895,+050.60103,57560,3-156746538,csv,-11.639999999658706,M2,+0.0,nan,nan
242.91469,+052.09014,57471,3-156918068,csv,2.649999999922299,K5,+0.5,nan,nan
242.91469,+052.09014,57474,3-156918068,csv,3.3449999999019333,K5,-0.5,nan,nan
243.06489,+050.44895,57503,3-156746497,csv,-9.83499999971165,M2,+0.0,nan,nan
244.94889,+052.26541,57474,3-157355156,csv,-8.807499999741763,G0,-0.5,nan,nan
245.65523,+051.20960,57502,3-157354812,csv,-7.487499999780461,F7,+0.0,nan,nan
245.65523,+051.20960,57522,3-157354812,csv,-14.846666666231357,F7,-1.0,nan,nan
245.65523,+051.20960,57530,3-157354812,csv,0.20499999999399296,G3,+0.0,nan,nan
245.65523,+051.20960,57533,3-157354812,csv,2.9933333332455625,G6,+0.0,nan,nan
245.65523,+051.20960,57536,3-157354812,csv,-10.303333333031235,M2,+1.0,nan,nan
245.65523,+051.20960,57555,3-157354812,csv,-8.11666666642869,M2,+1.0,nan,nan
254.23750,+011.71047,57879,3-149037687,csv,1.0499999999692227,M0,-0.5,nan,nan
254.23750,+011.71047,57883,3-149037687,csv,-4.679999999862792,M0,-0.5,nan,nan
254.23750,+011.71047,57888,3-149037687,csv,-8.763333333076389,M0,+0.5,nan,nan
254.23750,+011.71047,57914,3-149037687,csv,0.9174999999731128,K7,-0.5,nan,nan
254.23750,+011.71047,57917,3-149037687,csv,-2.572499999924575,M1,-0.5,nan,nan
254.23750,+011.71047,57936,3-149037687,csv,-4.0674999998807415,M1,-0.5,nan,nan
285.95836,+038.96958,57533,3-8101113,csv,1.1483333332996655,K2,+0.5,nan,nan
291.97100,+037.59270,57297,4-11105,csv,-8.212499999759206,K3,-1.0,nan,nan
320.77503,+007.45700,57677,3-96832090,csv,5.5224999998380895,M0,+0.5,nan,nan
320.77503,+007.45700,57921,3-96832090,csv,1.2466666666301174,M0,+0.5,nan,nan
321.68284,+008.08126,57677,3-97049802,csv,7.339999999784779,K5,-2.0,nan,nan
321.68284,+008.08126,57921,3-97049802,csv,-5.258333333179162,G4,-0.5,nan,nan
322.09766,+012.30732,57556,4-12667,csv,2.0833333332722455,F3,-2.0,nan,nan
322.67518,+011.19492,57651,4-12844,csv,-86.70333333079121,F5,-2.0,nan,nan
322.87706,+012.43337,57561,3-94199556,csv,9.452499999722868,K7,+0.5,nan,nan
322.87706,+012.43337,57677,3-94199556,csv,-92.6316666639507,G7,-1.5,nan,nan
322.99194,+006.96239,57921,3-98401912,csv,-1.0316666666364132,K3,-1.0,nan,nan
323.12605,+011.72194,57560,4-12834,csv,-78.39666666436808,F5,-2.0,nan,nan
350.67059,+053.24331,57266,27-466,csv,-2.139999999937257,F7,-1.0,nan,nan
352.31628,+047.88747,57682,27-488,csv,13.56499999960227,G5,-1.5,nan,nan
353.84646,+048.17572,57676,27-500,csv,2.2649999999335875,F3,+0.0,nan,nan
353.84646,+048.17572,57682,27-500,csv,-5.601666666502433,K1,-2.0,nan,nan